<?xml version="1.0" encoding="UTF-8"?>
<beans xmlns="http://www.springframework.org/schema/beans"
	xmlns:xsi="http://www.w3.org/2001/XMLSchema-instance" xmlns:p="http://www.springframework.org/schema/p"
	xmlns:context="http://www.springframework.org/schema/context"
	xmlns:mvc="http://www.springframework.org/schema/mvc"
	xsi:schemaLocation="http://www.springframework.org/schema/beans http://www.springframework.org/schema/beans/spring-beans.xsd
        http://www.springframework.org/schema/mvc http://www.springframework.org/schema/mvc/spring-mvc-4.0.xsd
        http://www.springframework.org/schema/context http://www.springframework.org/schema/context/spring-context.xsd">

	<!-- MVC注解驱动 ,json支持 -->
	<mvc:annotation-driven>
		<!-- 采用自定义方案 -->
		<mvc:message-converters>
			<!-- 定义文本转化器 -->
			<bean class="org.springframework.http.converter.StringHttpMessageConverter">
				<constructor-arg index="0" value="UTF-8" />
			</bean>

			<!-- 定义json转化器，支持json跨域 -->
			<bean
				class="com.jt.common.spring.exetend.jackson.CallbackMappingJackson2HttpMessageConverter">
				<!-- 跨域请求中的请求参数名 -->
				<property name="callbackName" value="callback"></property>
			</bean>
		</mvc:message-converters>
	</mvc:annotation-driven>
	
	<!-- 配置扫描器，使得@Controller注解生效 -->
	<context:component-scan base-package="com.jt.cart.controller" />

	<!-- 处理静态资源被“/”所拦截的问题 -->
	<mvc:default-servlet-handler />
</beans>